{
  "results": [
    {
      "command": "git -C C:\\Users\\RyanB\\AppData\\Local\\Temp\\opencode\\ledgerful-benchmark-repo-B commit --allow-empty -m 'benchmark'",
      "mean": 0.05637310499999999,
      "stddev": 0.0047426988512399414,
      "median": 0.054293280000000006,
      "user": 0.018421874999999994,
      "system": 0.026718750000000003,
      "min": 0.05160068,
      "max": 0.07208768000000002,
      "times": [
        0.06054678,
        0.05271768,
        0.061187280000000004,
        0.054332780000000004,
        0.053608180000000005,
        0.05705698,
        0.05310398000000001,
        0.05316358000000001,
        0.05505608,
        0.06173678000000001,
        0.05534128,
        0.05423278,
        0.053422080000000004,
        0.05825958000000001,
        0.05391958,
        0.07208768000000002,
        0.05827118000000001,
        0.05425378000000001,
        0.05160068,
        0.05356338000000001
      ],
      "memory_usage_byte": [
        0,
        0,
        0,
        0,
        0,
        0,
        0,
        0,
        0,
        0,
        0,
        0,
        0,
        0,
        0,
        0,
        0,
        0,
        0,
        0
      ],
      "exit_codes": [
        0,
        0,
        0,
        0,
        0,
        0,
        0,
        0,
        0,
        0,
        0,
        0,
        0,
        0,
        0,
        0,
        0,
        0,
        0,
        0
      ]
    }
  ]
}
