{
  "results": [
    {
      "command": "git -C C:\\Users\\RyanB\\AppData\\Local\\Temp\\opencode\\ledgerful-benchmark-repo-A commit --allow-empty -m 'benchmark'",
      "mean": 0.490729141,
      "stddev": 0.040690686484841455,
      "median": 0.480190926,
      "user": 0.1825,
      "system": 0.2515625000000001,
      "min": 0.456137326,
      "max": 0.636196626,
      "times": [
        0.490590726,
        0.5132092260000001,
        0.493043726,
        0.456137326,
        0.47398332600000004,
        0.45924242600000004,
        0.468760526,
        0.48915462600000004,
        0.5267937260000001,
        0.5131067260000001,
        0.471141326,
        0.46125452600000005,
        0.46701992600000003,
        0.458407426,
        0.636196626,
        0.48639852600000005,
        0.514204426,
        0.5065129260000001,
        0.465201126,
        0.46422362600000006
      ],
      "memory_usage_byte": [
        0,
        0,
        0,
        0,
        0,
        0,
        0,
        0,
        0,
        0,
        0,
        0,
        0,
        0,
        0,
        0,
        0,
        0,
        0,
        0
      ],
      "exit_codes": [
        0,
        0,
        0,
        0,
        0,
        0,
        0,
        0,
        0,
        0,
        0,
        0,
        0,
        0,
        0,
        0,
        0,
        0,
        0,
        0
      ]
    }
  ]
}
